epoch,loss,acc
1,3.2265963554382324,0.1668759286403656
2,2.3325345516204834,0.3444707989692688
3,1.83603036403656,0.4668743908405304
4,1.6392455101013184,0.5208178162574768
